<?xml version="1.0" ?><list><Userdata><username class="javafx.beans.property.SimpleStringProperty"><value>a</value><valid>true</valid><name></name></username><password class="javafx.beans.property.SimpleStringProperty"><value>1</value><valid>true</valid><name></name></password><address class="javafx.beans.property.SimpleStringProperty"><value>1</value><valid>true</valid><name></name></address><phone class="javafx.beans.property.SimpleStringProperty"><value>1</value><valid>true</valid><name></name></phone></Userdata><Userdata><username class="javafx.beans.property.SimpleStringProperty"><value>a</value><valid>true</valid><name></name></username><password class="javafx.beans.property.SimpleStringProperty"><value>1</value><valid>true</valid><name></name></password><address class="javafx.beans.property.SimpleStringProperty"><value>1</value><valid>true</valid><name></name></address><phone class="javafx.beans.property.SimpleStringProperty"><value>1</value><valid>true</valid><name></name></phone></Userdata></list>