<?xml version="1.0" ?><list><Pembelian><jenis class="javafx.beans.property.SimpleStringProperty"><value>Aqua</value><valid>true</valid><name></name></jenis><jumlah class="javafx.beans.property.SimpleIntegerProperty"><value>100</value><valid>true</valid><name></name></jumlah><total class="javafx.beans.property.SimpleIntegerProperty"><value>2500000</value><valid>true</valid><name></name></total><poin class="javafx.beans.property.SimpleIntegerProperty"><value>10</value><valid>true</valid><name></name></poin><ukuran class="javafx.beans.property.SimpleStringProperty"><value>Big</value><valid>true</valid><name></name></ukuran></Pembelian></list>